;Trip_Distance_km;Passenger_Count;Base_Fare;Per_Km_Rate;Per_Minute_Rate;Trip_Duration_Minutes;Trip_Price;Afternoon;Evening;Morning;Night;Weekday;Weekend;High;Low;Medium;Clear;Rain;Snow;Code;Cluster
0;19.35;3.0;3.56;0.8;0.32;53.82;36.2624;False;False;True;False;True;False;False;True;False;True;False;False;1;0
998;47.56;1.0;2.67;0.82;0.17;114.94;61.209;False;False;True;False;True;False;False;True;False;True;False;False;999;0
990;40.17;3.0;3.81;0.66;0.42;62.66;56.6394;False;True;False;False;True;False;False;True;False;True;False;False;991;0
34;48.32;2.0;2.49;0.61;0.44;67.25;61.5552;False;False;True;False;True;False;False;True;False;True;False;False;35;0
40;6.98;2.0;2.32;0.78;0.18;72.37;20.791;True;False;False;False;False;True;False;True;False;True;False;False;41;0
35;40.61;1.0;2.31;0.88;0.38;42.25;54.1018;True;False;False;False;True;False;False;True;False;True;False;False;36;0
51;38.98;3.0;3.16;1.28;0.26;15.47;57.0766;True;False;False;False;True;False;False;True;False;True;False;False;52;0
48;27.79;2.0;2.77;0.72;0.43;49.63;44.1197;False;True;False;False;True;False;False;True;False;True;False;False;49;0
955;19.77;4.0;2.57;2.0;0.16;34.47;47.6252;False;False;False;True;True;False;False;True;False;True;False;False;956;0
942;32.92;4.0;4.17;0.7;0.36;32.31;38.8456;False;True;False;False;True;False;False;True;False;True;False;False;943;0
873;21.03;4.0;4.74;1.41;0.4;105.47;76.5803;False;True;False;False;True;False;False;True;False;False;False;False;874;0
903;29.57;3.0;4.62;1.11;0.32;39.61;50.117900000000006;False;False;False;False;True;False;False;True;False;True;False;False;904;0
897;44.92;2.0;2.99;1.84;0.28;57.97;101.8744;False;False;True;False;True;False;False;True;False;True;False;False;898;0
899;5.19;4.0;4.57;0.87;0.48;7.6;12.7333;False;True;False;False;True;False;False;True;False;False;True;False;900;0
900;11.19;3.0;4.05;0.6;0.3;84.0;35.964;False;False;False;False;True;False;False;True;False;True;False;False;901;0
924;21.84;4.0;3.31;1.2;0.15;114.14;46.639;False;True;False;False;True;False;False;True;False;True;False;False;925;0
902;9.89;2.0;2.61;1.36;0.33;69.39;38.95910000000001;False;True;False;False;True;False;False;True;False;False;False;True;903;0
103;25.92;3.0;3.97;1.71;0.46;22.79;58.7766;False;False;False;True;True;False;False;True;False;True;False;False;104;0
812;7.11;2.0;4.01;0.95;0.11;86.46;20.2751;False;False;True;False;True;False;False;True;False;False;True;False;813;0
794;1.89;2.0;4.6;0.74;0.41;114.1;52.77959999999999;False;False;True;False;True;False;False;True;False;False;False;False;795;0
115;43.7;3.0;4.52;1.59;0.28;114.29;106.0042;False;False;False;False;True;False;False;True;False;True;False;False;116;0
114;32.04;3.0;3.26;0.65;0.2;31.8;30.446;True;False;False;False;True;False;False;True;False;True;False;False;115;0
96;26.61;4.0;3.07;0.68;0.18;65.91;33.0286;False;False;True;False;True;False;False;True;False;False;True;False;97;0
834;25.42;4.0;2.73;1.03;0.41;49.45;49.1871;False;True;False;False;True;False;False;True;False;False;False;True;835;0
76;38.79;2.0;3.95;1.88;0.33;82.93;104.2421;True;False;False;False;True;False;False;True;False;True;False;False;77;0
82;17.21;2.0;4.48;1.61;0.1;106.78;42.8661;True;False;False;False;True;False;False;True;False;False;True;False;83;0
85;16.93;4.0;2.17;1.12;0.37;59.09;42.9949;True;False;False;False;True;False;False;True;False;False;False;True;86;0
868;43.23;2.0;3.51;0.78;0.35;96.01;70.8329;False;False;True;False;True;False;False;True;False;False;True;False;869;0
859;4.22;3.0;4.02;1.81;0.16;83.98;25.095;False;True;False;False;True;False;False;True;False;True;False;False;860;0
866;8.61;3.0;3.07;1.24;0.28;66.1;32.2544;False;False;True;False;True;False;False;True;False;True;False;False;867;0
856;2.79;1.0;3.62;1.98;0.21;101.08;30.371;False;True;False;False;True;False;False;True;False;False;False;False;857;0
890;36.39;4.0;2.26;1.47;0.34;114.15;94.5643;False;False;True;False;True;False;False;True;False;True;False;False;891;0
763;37.45;4.0;4.92;0.5;0.11;77.83;32.2063;True;False;False;False;True;False;False;True;False;True;False;False;764;0
795;43.73;4.0;4.64;1.97;0.44;108.76;138.6425;False;False;True;False;True;False;False;True;False;True;False;False;796;0
112;46.56;3.0;4.46;0.87;0.46;119.21;99.8038;False;False;True;False;True;False;False;True;False;True;False;False;113;0
105;13.22;2.0;3.79;0.68;0.37;51.92;31.99;False;False;True;False;True;False;False;True;False;False;True;False;106;0
817;20.55;3.0;3.73;1.48;0.4;47.54;53.16;False;True;False;False;True;False;False;True;False;False;False;True;818;0
667;8.87;3.0;4.96;1.19;0.37;24.8;24.6913;False;False;False;True;True;False;False;True;False;True;False;False;668;0
168;3.0;2.0;2.17;0.73;0.45;34.01;19.6645;False;False;True;False;True;False;False;True;False;True;False;False;169;0
170;34.2;1.0;4.55;1.02;0.41;113.92;86.1412;False;False;False;False;True;False;False;True;False;True;False;False;171;0
650;5.26;1.0;3.74;1.65;0.31;67.5;33.344;False;False;True;False;True;False;False;True;False;True;False;False;651;0
181;6.56;3.0;3.48;0.85;0.31;97.94;39.4174;True;False;False;False;True;False;False;True;False;True;False;False;182;0
183;43.99;2.0;2.64;0.96;0.29;74.71;66.5363;False;False;False;True;True;False;False;True;False;True;False;False;184;0
629;13.37;2.0;2.85;1.92;0.19;114.32;50.2412;True;False;False;False;True;False;False;True;False;False;True;False;630;0
630;35.95;2.0;3.13;0.92;0.41;33.13;49.78730000000001;False;True;False;False;True;False;False;True;False;True;False;False;631;0
612;31.77;4.0;4.77;1.11;0.49;67.1;72.9137;True;False;False;False;True;False;False;True;False;True;False;False;613;0
607;18.85;3.0;2.25;0.87;0.3;98.29;48.1365;False;False;False;False;True;False;False;True;False;True;False;False;608;0
603;5.35;1.0;4.72;1.42;0.12;87.36;22.8002;False;False;False;False;True;False;False;True;False;True;False;False;604;0
594;44.94;1.0;2.61;1.04;0.31;64.02;69.1938;False;True;False;False;True;False;False;True;False;True;False;False;595;0
695;30.92;4.0;2.47;1.31;0.23;15.73;46.5931;False;False;True;False;True;False;False;True;False;False;True;False;696;0
162;32.04;4.0;4.44;1.02;0.41;9.1;40.8518;False;False;False;False;True;False;False;True;False;True;False;False;163;0
154;49.3;2.0;2.38;0.86;0.4;47.72;63.866;True;False;False;False;True;False;False;True;False;True;False;False;155;0
708;13.48;3.0;3.21;1.07;0.22;96.07;38.769;True;False;False;False;True;False;False;True;False;False;True;False;709;0
679;43.41;2.0;2.96;1.25;0.14;5.66;58.0149;True;False;False;False;True;False;False;True;False;False;True;False;680;0
702;17.49;2.0;4.76;1.28;0.47;73.92;61.8896;True;False;False;False;True;False;False;True;False;True;False;False;703;0
696;15.14;3.0;2.73;0.7;0.37;89.96;46.61319999999999;False;False;True;False;True;False;False;True;False;False;True;False;697;0
732;33.59;1.0;3.66;0.57;0.42;111.71;69.7245;True;False;False;False;True;False;False;True;False;False;True;False;733;0
750;6.73;4.0;3.39;1.78;0.47;9.87;20.0083;True;False;False;False;True;False;False;True;False;True;False;False;751;0
751;47.05;4.0;2.52;1.87;0.49;77.86;128.6549;False;False;True;False;True;False;False;True;False;False;False;True;752;0
713;21.18;2.0;3.05;1.26;0.32;51.27;46.1432;True;False;False;False;True;False;False;True;False;False;True;False;714;0
746;19.81;3.0;2.5;1.5;0.19;61.26;43.8544;False;False;True;False;True;False;False;True;False;False;True;False;747;0
138;18.82;2.0;2.05;0.63;0.12;74.75;22.8766;True;False;False;False;True;False;False;True;False;False;True;False;139;0
780;35.0;2.0;4.48;1.36;0.23;53.07;64.2861;False;False;True;False;True;False;False;True;False;False;False;True;781;0
777;36.39;2.0;3.09;0.64;0.27;67.24;44.5344;True;False;False;False;True;False;False;True;False;False;False;False;778;0
194;17.61;1.0;4.26;1.34;0.47;64.68;58.257000000000005;False;False;True;False;True;False;False;True;False;True;False;False;195;0
586;4.72;1.0;4.28;1.48;0.48;50.89;35.6928;False;False;False;False;True;False;False;True;False;False;True;False;587;0
577;46.4;4.0;3.63;1.46;0.33;92.78;101.9914;True;False;False;False;True;False;False;True;False;True;False;False;578;0
615;46.12;3.0;4.11;1.86;0.21;59.7;102.4302;True;False;False;False;True;False;False;True;False;True;False;False;616;0
202;8.92;3.0;3.69;1.07;0.36;42.14;28.4048;False;False;True;False;True;False;False;True;False;True;False;False;203;0
215;12.63;3.0;2.9;1.12;0.48;102.2;66.10159999999999;False;False;True;False;True;False;False;True;False;False;False;False;216;0
199;39.21;2.0;2.88;0.94;0.21;70.94;54.6348;False;False;True;False;True;False;False;True;False;False;False;True;200;0
684;46.54;2.0;2.07;0.84;0.22;85.74;60.0264;False;False;True;False;True;False;False;True;False;False;True;False;685;0
666;13.05;1.0;3.22;1.79;0.12;103.2;38.9635;False;False;True;False;True;False;False;True;False;True;False;False;667;0
653;37.53;4.0;2.19;1.84;0.48;62.05;101.0292;True;False;False;False;True;False;False;True;False;False;True;False;654;0
686;29.01;2.0;4.36;1.39;0.2;88.77;62.4379;False;False;False;False;True;False;False;True;False;True;False;False;687;0
670;9.5;1.0;2.16;1.22;0.43;36.15;29.2945;True;False;False;False;True;False;False;True;False;True;False;False;671;0
984;36.68;4.0;2.58;1.11;0.39;108.41;85.5747;False;False;True;False;True;False;False;True;False;True;False;False;985;0
986;34.73;4.0;4.85;1.13;0.14;5.65;44.88589999999999;False;True;False;False;True;False;False;True;False;True;False;False;987;0
335;3.0;1.0;3.79;0.73;0.28;9.82;8.729600000000001;True;False;False;False;True;False;False;True;False;True;False;False;336;0
337;35.48;3.0;3.23;1.43;0.38;72.19;81.39859999999999;True;False;False;False;True;False;False;True;False;True;False;False;338;0
364;47.13;4.0;4.15;1.3;0.23;6.47;66.90710000000001;False;True;False;False;True;False;False;True;False;True;False;False;365;0
365;19.92;4.0;3.33;0.96;0.49;84.95;64.0787;False;False;True;False;True;False;False;True;False;True;False;False;366;0
370;5.94;3.0;2.63;1.25;0.44;110.47;58.6618;False;False;False;True;True;False;False;True;False;True;False;False;371;0
374;4.49;3.0;3.25;1.78;0.31;111.33;45.75449999999999;False;False;True;False;True;False;False;True;False;True;False;False;375;0
437;41.27;1.0;2.64;1.65;0.33;107.76;106.2963;False;True;False;False;True;False;False;True;False;True;False;False;438;0
411;47.55;4.0;4.78;1.97;0.27;94.35;123.928;False;False;True;False;True;False;False;True;False;True;False;False;412;0
307;16.82;4.0;4.94;1.14;0.44;93.3;65.1668;False;True;False;False;True;False;False;True;False;False;False;True;308;0
291;2.83;1.0;3.99;0.96;0.19;11.65;8.920300000000001;False;False;True;False;True;False;False;True;False;False;False;True;292;0
268;139.06223019422194;2.0;2.8;1.82;0.14;50.83;276.84059674137075;True;False;False;False;True;False;False;True;False;False;True;False;269;0
445;47.42;2.0;3.02;1.64;0.16;104.35;97.4848;False;False;True;False;True;False;False;True;False;False;True;False;446;0
403;41.5;3.0;3.13;1.47;0.42;91.88;102.72459999999998;False;True;False;False;True;False;False;True;False;True;False;False;404;0
410;104.37179088913676;1.0;3.22;1.12;0.45;89.21;206.50865196831717;False;False;False;False;True;False;False;True;False;False;True;False;411;0
412;47.58;3.0;4.13;0.8;0.31;105.33;74.8463;False;False;True;False;True;False;False;True;False;True;False;False;413;0
383;44.0;3.0;4.99;1.2;0.46;41.76;76.9996;False;False;True;False;True;False;False;True;False;True;False;False;384;0
308;39.96;4.0;3.89;1.0;0.2;9.66;45.782;True;False;False;False;True;False;False;True;False;True;False;False;309;0
355;32.48;3.0;4.29;0.99;0.27;19.3;41.65619999999999;False;True;False;False;True;False;False;True;False;True;False;False;356;0
462;37.56;4.0;3.22;1.93;0.15;56.81;84.23230000000001;False;False;True;False;True;False;False;True;False;False;False;False;463;0
459;6.82;2.0;4.43;1.93;0.12;103.11;29.965799999999994;True;False;False;False;True;False;False;True;False;False;False;False;460;0
466;15.0;3.0;4.72;1.76;0.21;73.07;46.46469999999999;False;False;False;True;True;False;False;True;False;False;False;True;467;0
464;48.15;2.0;3.45;0.95;0.34;69.03;72.6627;False;False;False;True;True;False;False;True;False;True;False;False;465;0
265;37.3;3.0;4.21;1.86;0.35;97.47;107.7025;False;False;True;False;True;False;False;True;False;False;False;True;266;0
423;25.23;3.0;3.94;1.35;0.13;100.22;51.0291;False;False;True;False;True;False;False;True;False;False;True;False;424;0
288;15.04;1.0;5.0;1.78;0.11;15.09;33.4311;False;False;True;False;True;False;False;True;False;True;False;False;289;0
454;6.45;2.0;2.13;1.73;0.46;44.01;33.5331;False;False;True;False;True;False;False;True;False;True;False;False;455;0
256;46.87;4.0;3.89;1.76;0.2;31.51;92.6832;False;False;True;False;True;False;False;True;False;True;False;False;257;0
257;35.11;3.0;3.29;1.36;0.45;42.67;70.2411;True;False;False;False;True;False;False;True;False;False;True;False;258;0
255;28.28;2.0;3.15;1.17;0.4;103.28;77.5496;True;False;False;False;True;False;False;True;False;False;True;False;256;0
453;45.41;2.0;3.85;0.51;0.12;69.95;35.4031;True;False;False;False;True;False;False;True;False;True;False;False;454;0
474;26.86;4.0;2.87;1.32;0.31;54.4;55.1892;True;False;False;False;True;False;False;True;False;True;False;False;475;0
469;48.2;3.0;4.48;1.21;0.46;12.68;68.63480000000001;False;False;False;False;True;False;False;True;False;True;False;False;470;0
486;3.23;2.0;3.7;1.14;0.41;48.24;27.1606;True;False;False;False;True;False;False;True;False;False;True;False;487;0
478;48.5;1.0;3.61;1.66;0.39;79.03;114.9417;False;True;False;False;True;False;False;True;False;True;False;False;479;0
491;31.39;1.0;3.63;0.86;0.19;28.43;36.0271;True;False;False;False;True;False;False;True;False;True;False;False;492;0
496;29.6;2.0;3.51;1.5;0.18;24.02;52.2336;True;False;False;False;True;False;False;True;False;True;False;False;497;0
499;49.32;1.0;2.45;1.43;0.14;112.17;88.6814;False;True;False;False;True;False;False;True;False;True;False;False;500;0
505;8.97;1.0;4.89;1.07;0.25;44.17;25.5304;True;False;False;False;True;False;False;True;False;True;False;False;506;0
510;31.06;4.0;4.41;0.88;0.44;37.97;48.4496;False;True;False;False;True;False;False;True;False;True;False;False;511;0
227;20.26;3.0;2.29;0.63;0.27;29.7;23.0728;False;False;True;False;True;False;False;True;False;False;True;False;228;0
521;19.66;2.0;4.56;1.73;0.44;105.23;84.873;False;False;False;True;True;False;False;True;False;True;False;False;522;0
532;139.476514583775;1.0;4.37;1.38;0.2;46.85;296.0886973121837;False;True;False;False;True;False;False;True;False;True;False;False;533;0
223;19.02;2.0;2.42;1.14;0.4;49.68;43.9748;False;False;False;True;True;False;False;True;False;False;False;False;224;0
226;48.68;4.0;2.59;1.01;0.14;51.44;58.9584;True;False;False;False;True;False;False;True;False;False;True;False;227;0
217;37.58;4.0;2.91;1.16;0.47;84.52;86.22719999999998;True;False;False;False;True;False;False;True;False;False;False;True;218;0
219;42.61;3.0;2.43;0.94;0.49;62.01;72.86829999999999;False;False;True;False;True;False;False;True;False;False;True;False;220;0
557;2.41;2.0;3.47;0.87;0.19;31.26;11.5061;False;False;False;False;True;False;False;True;False;True;False;False;558;0
546;6.56;4.0;2.32;1.59;0.38;50.68;32.0088;False;True;False;False;True;False;False;True;False;True;False;False;547;0
570;26.19;1.0;4.85;1.05;0.27;106.96;61.2287;True;False;False;False;True;False;False;True;False;False;False;False;571;0
599;3.0;2.0;4.62;1.83;0.33;48.49;26.111700000000003;False;True;False;False;True;False;False;True;False;True;False;False;600;0
312;2.24;1.0;4.46;0.52;0.14;102.26;19.9412;True;False;False;False;True;False;False;True;False;True;False;False;313;0
329;13.14;3.0;3.6;1.11;0.14;35.14;23.105000000000004;False;False;False;False;True;False;False;True;False;True;False;False;330;0
341;24.2;1.0;2.43;0.75;0.28;103.17;49.4676;True;False;False;False;True;False;False;True;False;False;False;True;342;0
23;18.95;1.0;3.38;0.78;0.39;54.04;39.2366;False;False;False;True;True;False;False;True;False;True;False;False;24;0
980;17.38;2.0;3.78;1.01;0.1;17.91;23.1248;False;False;True;False;True;False;False;True;False;False;True;False;981;0
30;30.77;1.0;3.64;1.33;0.13;109.6;58.8121;False;False;True;False;True;False;False;True;False;True;False;False;31;0
987;22.31;2.0;3.15;1.94;0.31;26.43;54.6247;True;False;False;False;True;False;False;True;False;True;False;False;988;1
831;23.17;2.0;4.15;1.79;0.35;93.07;78.1988;True;False;False;False;True;False;False;True;False;True;False;False;832;1
16;15.91;4.0;4.42;1.77;0.21;114.93;56.716;False;False;True;False;True;False;False;True;False;True;False;False;17;1
294;7.23;1.0;3.51;1.2;0.39;55.29;33.7491;False;True;False;False;True;False;False;True;False;True;False;False;295;1
37;5.79;4.0;4.63;1.83;0.24;107.07;40.9225;False;True;False;False;True;False;False;True;False;True;False;False;38;1
3;30.33;4.0;3.48;0.51;0.15;116.81;36.4698;False;True;False;False;True;False;False;True;False;False;False;False;4;1
948;43.82;4.0;2.19;1.48;0.15;42.17;73.3691;True;False;False;False;True;False;False;True;False;True;False;False;949;1
918;38.42;1.0;4.29;0.63;0.4;65.68;54.76660000000001;True;False;False;False;True;False;False;True;False;True;False;False;919;1
898;1.64;3.0;3.32;1.53;0.44;61.16;32.7396;True;False;False;False;True;False;False;True;False;True;False;False;899;1
880;12.32;3.0;3.8;1.15;0.31;6.37;19.9427;True;False;False;False;True;False;False;True;False;True;False;False;881;1
767;43.96;2.0;2.29;1.08;0.25;37.22;59.0718;False;False;False;False;True;False;False;True;False;True;False;False;768;1
779;32.42;4.0;2.58;1.41;0.11;14.18;49.852;False;True;False;False;True;False;False;True;False;True;False;False;780;1
739;19.47;2.0;4.68;1.15;0.16;84.35;40.56649999999999;False;False;False;False;True;False;False;True;False;True;False;False;740;1
597;9.44;1.0;4.56;0.57;0.18;14.92;12.6264;False;False;True;False;True;False;False;True;False;True;False;False;598;1
864;20.64;3.0;3.37;1.22;0.31;37.76;40.2564;False;False;False;True;True;False;False;True;False;True;False;False;865;1
908;13.71;3.0;3.54;0.76;0.3;27.87;22.3206;True;False;False;False;True;False;False;True;False;True;False;False;909;1
58;3.22;3.0;2.83;1.63;0.31;93.78;37.1504;True;False;False;False;True;False;False;True;False;False;True;False;59;1
896;15.36;1.0;3.49;0.74;0.34;6.06;16.9168;True;False;False;False;True;False;False;True;False;True;False;False;897;1
919;7.87;2.0;3.52;1.57;0.16;64.51;26.1975;True;False;False;False;True;False;False;True;False;True;False;False;920;1
42;2.69;4.0;4.6;1.95;0.34;97.49;42.9921;True;False;False;False;True;False;False;True;False;True;False;False;43;1
719;36.81;2.0;2.45;1.87;0.39;19.66;78.95210000000002;False;False;True;False;True;False;False;True;False;True;False;False;720;1
716;41.7;2.0;2.46;1.35;0.33;66.74;80.7792;False;False;False;False;True;False;False;True;False;True;False;False;717;1
752;31.76;3.0;3.01;0.9;0.1;33.58;34.952;False;False;True;False;True;False;False;True;False;True;False;False;753;1
155;12.86;1.0;2.39;1.13;0.4;56.62;39.5698;False;True;False;False;True;False;False;True;False;True;False;False;156;1
604;6.91;3.0;2.38;0.89;0.42;20.57;17.1693;False;False;True;False;True;False;False;True;False;True;False;False;605;1
176;34.86;4.0;3.74;1.45;0.4;21.52;62.895;False;True;False;False;True;False;False;True;False;True;False;False;177;1
810;49.26;4.0;3.09;1.95;0.29;35.46;109.4304;True;False;False;False;True;False;False;True;False;True;False;False;811;1
857;24.13;1.0;3.37;1.92;0.31;23.71;57.0497;True;False;False;False;True;False;False;False;False;False;False;True;858;1
828;37.14;3.0;3.4;0.78;0.45;43.84;52.0972;False;True;False;False;True;False;False;True;False;True;False;False;829;1
281;17.56;1.0;3.22;1.22;0.11;103.66;36.0458;False;True;False;False;True;False;False;True;False;True;False;False;282;1
526;21.33;1.0;4.62;0.56;0.43;69.89;46.61750000000001;False;False;True;False;True;False;False;True;False;True;False;False;527;1
245;46.49;3.0;4.08;1.99;0.34;63.05;118.0321;True;False;False;False;True;False;False;True;False;True;False;False;246;1
518;49.38;1.0;3.64;1.03;0.28;9.47;57.153000000000006;False;False;True;False;True;False;False;True;False;True;False;False;519;1
513;43.44;1.0;3.51;0.79;0.19;11.01;39.9195;False;False;True;False;True;False;False;True;False;True;False;False;514;1
298;31.52;1.0;4.89;0.65;0.19;19.55;29.0925;False;False;False;False;True;False;False;True;False;True;False;False;299;1
709;34.39;4.0;2.15;1.69;0.16;72.05;71.7971;False;False;False;False;True;False;False;True;False;True;False;False;710;1
457;23.96;3.0;3.11;1.52;0.43;102.92;83.7848;True;False;False;False;True;False;False;False;False;True;False;False;458;2
28;30.03;1.0;3.31;1.05;0.36;83.21;64.7971;False;False;False;False;True;False;True;False;False;True;False;False;29;2
559;31.4;3.0;4.5;1.87;0.32;28.13;72.2196;False;False;False;True;True;False;False;False;False;True;False;False;560;2
29;3.28;2.0;2.88;1.76;0.2;78.04;24.260800000000003;False;True;False;False;True;False;False;False;True;True;False;False;30;2
362;23.45;1.0;2.02;1.94;0.1;104.02;57.915;True;False;False;False;True;False;False;False;False;True;False;False;363;2
259;5.76;2.0;2.93;0.93;0.18;61.57;19.3694;True;False;False;False;True;False;True;False;False;False;False;True;260;2
131;11.88;1.0;3.75;0.71;0.34;30.47;22.544600000000003;True;False;False;False;True;False;False;False;False;False;False;False;132;2
272;43.49;1.0;2.77;1.45;0.2;68.97;79.6245;False;True;False;False;True;False;False;True;False;True;False;False;273;2
677;20.49;1.0;2.51;1.66;0.39;96.76;74.2598;True;False;False;False;True;False;True;False;False;True;False;False;678;2
707;40.68;3.0;3.01;1.11;0.12;84.0;58.2448;False;False;True;False;True;False;False;False;False;True;False;False;708;2
663;12.62;3.0;3.12;1.55;0.29;47.38;36.4212;True;False;False;False;True;False;False;False;False;True;False;False;664;2
894;33.74;4.0;4.97;0.92;0.42;48.47;56.3682;True;False;False;False;True;False;True;False;False;False;True;False;895;2
827;18.0;1.0;3.23;1.61;0.46;28.92;45.513200000000005;False;False;False;True;True;False;False;False;False;True;False;False;828;2
193;32.02;2.0;3.78;1.7;0.34;6.39;60.38660000000001;True;False;False;False;True;False;False;False;False;True;False;False;194;2
877;33.29;3.0;4.48;1.1;0.19;52.09;50.996100000000006;True;False;False;False;True;False;True;False;False;True;False;False;878;3
945;1.54;3.0;3.62;1.56;0.38;10.13;9.8718;True;False;False;False;True;False;True;False;False;True;False;False;946;3
941;28.15;2.0;2.06;0.61;0.18;17.02;22.2951;True;False;False;False;True;False;True;False;False;True;False;False;942;3
811;42.11;1.0;3.57;1.29;0.21;45.23;67.3902;False;True;False;False;True;False;True;False;False;True;False;False;812;3
824;27.33;4.0;2.24;0.6;0.13;25.97;22.0141;True;False;False;False;True;False;True;False;False;True;False;False;825;3
837;18.76;2.0;2.57;0.9;0.29;117.24;53.4536;True;False;False;False;True;False;True;False;False;True;False;False;838;3
804;21.78;4.0;3.15;0.56;0.12;91.02;26.2692;True;False;False;False;True;False;False;False;False;True;False;False;805;3
793;30.96;2.0;2.96;1.24;0.18;69.98;53.9468;True;False;False;False;True;False;True;False;False;True;False;False;794;3
203;45.03;1.0;2.76;0.95;0.24;32.28;53.2857;True;False;False;False;True;False;True;False;False;True;False;False;204;3
616;138.76388715029725;2.0;3.98;1.71;0.39;74.32;332.0436886774302;False;False;False;True;True;False;True;False;False;True;False;False;617;3
635;22.92;3.0;2.31;1.61;0.13;68.51;48.11750000000001;False;False;True;False;True;False;False;False;False;True;False;False;636;3
769;41.24;1.0;3.91;1.03;0.38;38.26;60.92600000000001;True;False;False;False;True;False;True;False;False;True;False;False;770;3
715;46.55;3.0;4.41;1.42;0.3;42.88;83.375;False;False;False;True;True;False;True;False;False;True;False;False;716;3
756;31.38;4.0;3.86;0.58;0.2;32.85;28.6304;False;False;False;True;True;False;True;False;False;True;False;False;757;3
723;37.31;2.0;3.1;0.95;0.46;35.63;54.9343;False;False;True;False;True;False;True;False;False;True;False;False;724;3
700;27.1;3.0;4.11;1.05;0.18;113.75;53.040000000000006;False;False;False;False;True;False;True;False;False;True;False;False;701;3
771;42.48;4.0;4.79;1.95;0.14;65.02;96.7288;False;True;False;False;True;False;True;False;False;True;False;False;772;3
933;26.76;2.0;3.55;0.82;0.44;38.42;42.398;True;False;False;False;True;False;True;False;False;True;False;False;934;3
284;29.34;2.0;2.05;1.59;0.48;70.14;82.3678;True;False;False;False;True;False;True;False;False;True;False;False;285;3
416;15.37;1.0;4.95;1.07;0.37;64.12;45.1203;False;False;True;False;True;False;False;False;False;True;False;False;417;3
458;3.76;4.0;4.31;1.55;0.16;75.06;22.1476;False;False;True;False;True;False;False;False;False;True;False;False;459;3
279;39.99;2.0;2.71;0.58;0.31;43.98;39.538;True;False;False;False;True;False;True;False;False;True;False;False;280;3
224;13.99;4.0;2.39;1.39;0.46;104.56;69.9337;True;False;False;False;True;False;False;False;False;True;False;False;225;3
563;1.71;3.0;3.72;1.67;0.17;50.16;15.1029;False;False;True;False;True;False;False;False;False;True;False;False;564;3
441;49.35;2.0;2.7;1.8;0.36;49.86;109.4796;False;False;True;False;True;False;False;False;False;True;False;False;442;3
405;44.88;1.0;3.87;0.58;0.5;77.08;68.4404;True;False;False;False;True;False;False;False;True;True;False;False;406;3
345;31.18;1.0;2.71;0.79;0.35;89.23;58.5727;True;False;False;False;True;False;False;False;True;True;False;False;346;3
373;34.47;1.0;4.49;1.01;0.46;5.5;41.834700000000005;True;False;False;False;True;False;True;False;False;True;False;False;374;3
26;10.78;3.0;3.92;0.54;0.33;56.07;28.2443;False;True;False;False;False;False;True;False;False;False;True;False;27;3
347;3.22;1.0;4.21;1.17;0.3;80.58;32.151399999999995;True;False;False;False;True;False;False;False;True;True;False;False;348;3
992;14.34;1.0;3.23;1.01;0.29;45.07;30.7837;True;False;False;False;True;False;False;False;True;True;False;False;993;4
342;9.49;1.0;2.28;0.68;0.13;32.82;12.9998;False;True;False;False;True;False;False;False;True;True;False;False;343;4
932;49.24;2.0;4.64;0.79;0.13;85.63;54.67150000000001;True;False;False;False;True;False;False;False;True;True;False;False;933;4
931;41.91;2.0;4.82;1.19;0.34;26.72;63.7777;True;False;False;False;True;False;False;False;True;True;False;False;932;4
930;7.83;4.0;4.16;0.93;0.18;99.63;29.3753;True;False;False;False;True;False;False;False;True;True;False;False;931;4
923;40.19;1.0;2.79;1.12;0.1;51.19;52.9218;True;False;False;False;True;False;False;False;True;True;False;False;924;4
63;18.48;4.0;2.84;1.37;0.39;106.41;69.6575;True;False;False;False;True;False;False;False;True;True;False;False;64;4
59;16.94;3.0;3.92;1.93;0.42;100.24;78.715;True;False;False;False;True;False;False;False;True;False;False;True;60;4
55;46.17;4.0;4.13;1.57;0.28;83.15;99.8989;True;False;False;False;True;False;False;False;True;True;False;False;56;4
914;28.05;1.0;2.6;1.23;0.15;58.8;45.9215;True;False;False;False;True;False;False;False;True;True;False;False;915;4
882;1.97;1.0;2.08;1.98;0.37;71.48;32.428200000000004;True;False;False;False;True;False;False;False;True;True;False;False;883;4
879;11.88;2.0;4.67;0.63;0.27;39.27;22.7573;True;False;False;False;True;False;False;False;True;True;False;False;880;4
68;4.65;1.0;4.51;1.08;0.43;56.54;33.8442;True;False;False;False;True;False;False;False;True;False;False;False;69;4
64;146.0670471598387;2.0;4.79;0.73;0.3;60.81;320.958663578238;True;False;False;False;True;False;False;False;True;True;False;False;65;4
863;22.6;1.0;3.41;1.77;0.28;27.31;51.058800000000005;True;False;False;False;True;False;False;False;True;True;False;False;864;4
861;23.21;4.0;3.4;1.18;0.15;100.48;45.85979999999999;True;False;False;False;True;False;False;False;True;True;False;False;862;4
849;30.17;4.0;4.13;1.91;0.36;103.47;99.0039;True;False;False;False;True;False;False;False;True;True;False;False;850;4
891;42.93;2.0;3.24;0.54;0.14;119.84;43.19980000000001;True;False;False;False;True;False;False;False;True;True;False;False;892;4
322;33.35;1.0;4.13;1.96;0.26;19.63;74.59979999999999;False;True;False;False;True;False;True;False;False;True;False;False;323;4
832;7.9;3.0;3.61;1.91;0.42;55.74;42.1098;True;False;False;False;True;False;False;False;True;True;False;False;833;4
93;28.5;1.0;4.92;1.78;0.46;109.33;105.9418;True;False;False;False;True;False;False;False;True;True;False;False;94;4
99;6.29;3.0;4.15;1.37;0.21;80.37;29.645000000000003;True;False;False;False;True;False;False;False;False;True;False;False;100;4
86;36.75;2.0;3.28;1.21;0.27;105.46;76.2217;True;False;False;False;True;False;False;False;True;True;False;False;87;4
819;17.42;4.0;2.09;1.92;0.3;88.42;62.0624;True;False;False;False;True;False;False;False;True;True;False;False;820;4
108;112.8309582902826;2.0;3.35;1.9;0.23;78.63;233.00828520738887;True;False;False;False;True;False;True;False;False;False;False;True;109;4
818;3.68;3.0;3.94;1.16;0.44;79.58;43.224;True;False;False;False;True;False;False;False;True;True;False;False;819;4
118;44.74;2.0;3.65;1.25;0.49;6.72;62.8678;False;False;False;False;True;False;False;False;True;True;False;False;119;4
110;102.74755620694734;2.0;2.23;1.8;0.23;53.09;274.53508679715014;False;True;False;False;True;False;False;False;True;True;False;False;111;4
792;25.79;2.0;4.86;0.66;0.13;66.91;30.5797;True;False;False;False;True;False;False;False;True;True;False;False;793;4
775;8.35;4.0;3.96;1.81;0.4;43.66;36.5375;True;False;False;False;True;False;False;False;True;True;False;False;776;4
141;109.61608204688008;4.0;4.46;1.69;0.23;53.88;327.21766546350466;True;False;False;False;True;False;True;False;False;True;False;False;142;4
136;26.42;3.0;3.76;1.86;0.23;97.04;75.22040000000001;False;True;False;False;True;False;True;False;False;True;False;False;137;4
687;14.72;4.0;2.89;1.07;0.47;5.01;20.9951;True;False;False;False;True;False;False;False;True;True;False;False;688;4
130;21.45;2.0;4.27;1.12;0.3;82.54;53.056;False;True;False;False;True;False;False;False;True;True;False;False;131;4
129;26.03;2.0;2.27;1.55;0.4;83.98;76.20850000000002;False;False;True;False;True;False;False;False;True;True;False;False;130;4
776;12.23;4.0;2.77;0.95;0.3;38.38;25.9025;True;False;False;False;True;False;False;False;True;True;False;False;777;4
367;45.36;3.0;2.7;0.77;0.24;70.04;54.436800000000005;False;False;False;True;True;False;False;False;True;True;False;False;368;4
360;20.02;3.0;3.37;0.61;0.12;63.16;23.1614;False;False;False;True;True;False;True;False;False;True;False;False;361;4
353;8.98;2.0;4.59;1.67;0.22;84.33;38.1392;False;True;False;False;False;False;True;False;False;True;False;False;354;4
389;40.53;1.0;3.35;1.26;0.26;16.46;58.6974;True;False;False;False;True;False;False;False;True;True;False;False;390;4
386;14.82;4.0;3.7;0.81;0.18;88.36;31.609;False;True;False;False;True;False;True;False;False;True;False;False;387;4
724;29.15;2.0;2.32;1.84;0.24;108.44;81.9816;True;False;False;False;True;False;False;False;True;True;False;False;725;4
160;19.02;2.0;2.55;1.36;0.12;54.88;35.0028;False;True;False;False;True;False;False;False;True;True;False;False;161;4
157;38.32;1.0;4.58;0.98;0.37;28.41;52.6453;False;True;False;False;True;False;False;False;True;True;False;False;158;4
150;45.51;1.0;4.23;0.63;0.13;27.65;36.4958;False;True;False;False;True;False;False;False;True;True;False;False;151;4
146;30.87;4.0;2.08;1.85;0.31;55.61;76.4286;False;True;False;False;True;False;False;False;True;True;False;False;147;4
143;15.74;2.0;3.05;1.84;0.21;35.48;39.4624;True;False;False;False;True;False;False;False;False;True;False;False;144;4
731;40.91;1.0;4.73;1.16;0.28;19.1;57.53359999999999;True;False;False;False;True;False;False;False;True;True;False;False;732;4
659;28.97;3.0;4.51;1.37;0.41;51.21;65.195;True;False;False;False;True;False;False;False;True;True;False;False;660;4
682;9.37;1.0;2.35;1.67;0.13;18.1;20.3509;True;False;False;False;True;False;False;False;True;True;False;False;683;4
378;40.91;1.0;3.34;1.65;0.36;47.96;88.1071;True;False;False;False;False;False;False;False;True;True;False;False;379;4
375;16.63;2.0;2.77;1.15;0.32;17.94;27.6353;False;True;False;False;False;False;False;False;True;True;False;False;376;4
305;48.82;2.0;2.27;1.7;0.14;101.76;99.5104;False;True;False;False;True;False;True;False;False;True;False;False;306;4
306;26.3;2.0;3.03;1.61;0.39;52.71;65.9299;False;True;False;False;True;False;False;False;True;True;False;False;307;4
303;32.23;3.0;4.45;1.2;0.23;119.08;70.5144;True;False;False;False;True;False;True;False;False;True;False;False;304;4
299;5.18;2.0;2.49;1.29;0.21;59.81;21.7323;False;True;False;False;True;False;False;False;True;True;False;False;300;4
622;19.15;2.0;2.01;1.3;0.15;80.61;38.9965;True;False;False;False;True;False;False;False;True;True;False;False;623;4
293;18.65;1.0;4.75;0.98;0.36;87.41;54.49459999999999;True;False;False;False;True;False;False;False;True;True;False;False;294;4
664;5.99;3.0;2.76;1.57;0.25;115.4;41.014300000000006;False;False;False;True;True;False;False;False;True;True;False;False;665;4
662;30.68;1.0;2.75;1.44;0.27;93.45;72.16069999999999;False;False;False;True;True;False;False;False;True;True;False;False;663;4
660;18.45;4.0;2.46;1.59;0.49;109.53;85.4652;True;False;False;False;True;False;False;False;True;True;False;False;661;4
395;46.61;1.0;2.74;1.84;0.44;21.11;97.7908;False;True;False;False;True;False;True;False;False;True;False;False;396;4
169;29.95;2.0;4.24;0.7;0.24;98.23;48.7802;False;False;True;False;True;False;False;False;True;True;False;False;170;4
180;17.71;4.0;2.71;1.48;0.48;6.06;31.829600000000003;False;False;False;True;True;False;False;False;True;True;False;False;181;4
452;21.79;2.0;4.37;1.17;0.34;5.61;31.7717;False;True;False;False;True;False;True;False;False;True;False;False;453;4
242;45.83;4.0;4.5;1.36;0.39;54.66;88.1462;False;True;False;False;True;False;False;False;True;True;False;False;243;4
241;47.74;3.0;3.71;0.67;0.17;53.16;44.733;False;True;False;False;True;False;True;False;False;True;False;False;242;4
440;5.16;2.0;3.23;1.72;0.25;58.17;26.6477;False;False;False;True;True;False;False;False;True;True;False;False;441;4
614;43.81;3.0;2.81;1.28;0.26;42.48;69.9316;True;False;False;False;True;False;False;False;True;True;False;False;615;4
605;23.58;2.0;2.54;0.6;0.34;38.5;29.778;True;False;False;False;True;False;False;False;True;True;False;False;606;4
587;7.32;4.0;2.62;1.43;0.39;117.69;58.9867;True;False;False;False;True;False;False;False;True;True;False;False;588;4
578;25.11;4.0;3.66;1.34;0.25;88.1;59.3324;True;False;False;False;True;False;False;False;True;True;False;False;579;4
198;44.47;2.0;4.95;1.71;0.24;59.18;95.1969;False;True;False;False;True;False;True;False;False;True;False;False;199;4
601;14.65;4.0;4.17;0.8;0.5;96.08;63.93;True;False;False;False;True;False;False;False;True;True;False;False;602;4
593;17.94;1.0;3.69;0.69;0.49;85.75;58.0861;False;False;True;False;True;False;True;False;False;True;False;False;594;4
550;26.49;1.0;3.54;1.82;0.15;99.2;66.6318;False;False;False;True;True;False;True;False;False;True;False;False;551;4
548;26.5;1.0;4.44;0.81;0.45;114.61;77.4795;False;False;True;False;True;False;True;False;False;True;False;False;549;4
543;33.91;2.0;2.48;0.73;0.38;34.54;40.3595;False;False;True;False;True;False;False;False;True;True;False;False;544;4
520;30.11;3.0;3.25;1.33;0.3;36.34;54.1983;False;False;True;False;True;False;False;False;True;True;False;False;521;4
517;40.72;2.0;3.64;0.62;0.35;98.49;63.3579;False;True;False;False;True;False;True;False;False;True;False;False;518;4
516;19.45;1.0;2.4;0.86;0.29;16.93;24.0367;True;False;False;False;True;False;True;False;False;True;False;False;517;4
238;32.63;1.0;2.12;0.86;0.37;15.33;35.8539;False;False;False;True;True;False;False;False;True;True;False;False;239;4
237;2.19;1.0;2.8;0.51;0.18;14.2;6.472899999999999;True;False;False;False;True;False;False;False;True;True;False;False;238;4
229;31.93;1.0;4.77;1.71;0.32;37.67;71.4247;True;False;False;False;True;False;False;False;True;True;False;False;230;4
225;130.80900130744172;1.0;3.93;0.63;0.16;88.31;328.8717691378544;True;False;False;False;True;False;True;False;False;True;False;False;226;4
556;7.57;3.0;3.42;1.7;0.23;103.8;40.163;True;False;False;False;True;False;True;False;False;True;False;False;557;4
277;32.85;4.0;2.44;1.18;0.42;31.52;54.4414;False;False;False;True;True;False;False;False;True;True;False;False;278;4
271;40.7;2.0;4.16;1.81;0.38;35.27;91.2296;False;True;False;False;True;False;False;False;False;True;False;False;272;4
270;40.66;2.0;3.9;0.67;0.3;34.29;41.4292;True;False;False;False;True;False;False;False;True;True;False;False;271;4
494;23.72;3.0;2.22;1.89;0.15;39.05;52.9083;True;False;False;False;True;False;False;False;True;True;False;False;495;4
493;10.22;2.0;3.5;0.63;0.23;59.81;23.694900000000004;False;False;True;False;True;False;False;False;False;True;False;False;494;4
533;28.22;3.0;2.7;1.38;0.14;100.83;55.7598;False;False;True;False;True;False;True;False;False;True;False;False;534;4
525;23.97;1.0;2.79;1.24;0.26;48.93;45.2346;False;False;True;False;True;False;True;False;False;True;False;False;526;4
530;40.83;1.0;3.87;1.5;0.24;45.05;75.92699999999999;True;False;False;False;True;False;False;False;True;True;False;False;531;4
250;15.43;2.0;2.73;0.93;0.16;75.12;29.0991;False;True;False;False;True;False;True;False;False;True;False;False;251;4
248;48.22;3.0;4.96;1.99;0.22;19.21;105.144;False;False;False;True;True;False;False;False;True;True;False;False;249;4
52;47.04;4.0;4.83;1.38;0.36;79.54;98.3796;False;False;False;True;True;False;False;False;True;False;False;False;53;4
484;29.63;3.0;2.43;1.76;0.28;6.31;56.345600000000005;True;False;False;False;True;False;True;False;False;True;False;False;485;4
31;9.36;1.0;2.4;1.85;0.15;7.07;20.7765;True;False;False;False;True;False;False;False;True;True;False;False;32;4
456;1.56;4.0;2.93;1.31;0.37;79.16;34.2628;True;False;False;False;True;False;True;False;False;True;False;False;457;4
297;11.58;3.0;4.93;0.97;0.17;63.28;26.9202;False;False;True;False;True;False;False;True;False;False;True;False;298;5
710;38.25;1.0;3.49;1.18;0.17;109.53;67.24510000000001;False;False;True;False;False;False;False;True;False;False;True;False;711;5
330;18.44;2.0;4.99;1.9;0.18;44.45;48.027;True;False;False;False;True;False;False;True;False;False;True;False;331;5
467;43.56;3.0;2.26;1.04;0.11;89.67;57.426100000000005;True;False;False;False;True;False;False;True;False;False;True;False;468;5
12;41.79;3.0;4.6;1.77;0.11;86.95;88.13279999999999;False;False;False;True;False;True;True;False;False;True;False;False;13;6
5;8.64;2.0;2.55;1.71;0.48;89.33;60.2028;True;False;False;False;False;True;False;False;True;True;False;False;6;6
27;138.09832791310237;4.0;2.24;1.75;0.32;94.86;280.87730155406564;False;True;False;False;False;True;False;False;True;False;True;False;28;6
17;26.71;4.0;4.3;1.59;0.2;111.18;69.0049;True;False;False;False;False;True;False;True;False;False;True;False;18;6
884;40.2;3.0;3.38;1.53;0.2;66.51;78.18800000000002;False;False;True;False;True;False;True;False;False;True;False;False;885;7
886;32.98;3.0;3.67;0.64;0.49;109.94;78.64779999999999;False;False;True;False;True;False;True;False;False;True;False;False;887;7
41;25.26;2.0;3.95;1.71;0.12;82.53;57.0482;False;True;False;False;True;False;True;False;False;True;False;False;42;7
940;14.43;4.0;2.81;1.46;0.21;24.69;29.0627;False;False;True;False;True;False;True;False;False;True;False;False;941;7
971;46.9;4.0;4.47;0.56;0.21;84.34;48.44540000000001;False;True;False;False;True;False;True;False;False;True;False;False;972;7
848;25.61;3.0;3.79;1.56;0.29;79.89;66.9097;False;True;False;False;False;False;True;False;False;True;False;False;849;7
821;1.23;1.0;3.53;1.3;0.38;106.74;45.6902;False;False;True;False;True;False;False;False;False;True;False;False;822;7
969;24.33;3.0;4.3;1.0;0.11;46.42;33.7362;False;False;True;False;True;False;True;False;False;True;False;False;970;7
289;29.95;4.0;2.63;1.33;0.33;81.84;69.47070000000001;False;False;True;False;True;False;True;False;False;True;False;False;290;8
278;35.4;3.0;4.47;1.98;0.46;93.88;117.7468;False;False;True;False;True;False;False;False;False;True;False;False;279;8
465;19.37;3.0;4.69;0.69;0.11;81.08;26.9741;False;False;True;False;True;False;False;False;True;True;False;False;466;9
66;7.91;4.0;4.09;1.55;0.47;110.69;68.3748;False;False;True;False;True;False;False;False;True;True;False;False;67;9
580;23.5;4.0;3.34;1.0;0.23;43.87;36.9301;False;False;True;False;True;False;False;False;True;True;False;False;581;9
97;21.95;3.0;4.05;0.88;0.1;44.99;27.865;False;False;True;False;True;False;False;False;True;True;False;False;98;9
572;20.43;2.0;2.51;1.43;0.39;53.63;52.6406;False;True;False;False;True;False;False;False;True;True;False;False;573;9
567;22.44;3.0;3.0;1.25;0.23;63.08;45.5584;False;False;True;False;True;False;True;False;False;False;False;False;568;9
649;25.42;4.0;4.84;1.43;0.2;67.58;54.7066;False;True;False;False;True;False;False;False;True;True;False;False;650;9
562;7.68;3.0;3.48;1.52;0.48;94.11;60.32639999999999;False;True;False;False;True;False;False;False;True;True;False;False;563;9
648;39.67;1.0;3.88;1.16;0.23;52.06;61.871;False;True;False;False;True;False;False;False;True;True;False;False;649;9
619;37.66;4.0;4.02;1.36;0.31;104.15;87.5241;False;True;False;False;True;False;False;False;True;True;False;False;620;9
81;31.54;2.0;3.09;1.91;0.26;93.37;87.6076;False;False;True;False;True;False;True;False;False;True;False;False;82;9
400;6.05;3.0;3.89;0.84;0.33;46.98;24.4754;False;False;True;False;True;False;False;False;True;True;False;False;401;9
67;40.31;4.0;4.18;1.34;0.12;108.49;71.2142;False;False;True;False;True;False;False;False;True;True;False;False;68;9
854;11.05;4.0;4.76;0.75;0.18;14.0;15.5675;False;False;False;True;True;False;False;False;True;True;False;False;855;9
258;28.93;2.0;3.31;2.0;0.46;29.14;74.5744;False;False;True;False;True;False;False;False;True;True;False;False;259;9
246;21.98;1.0;4.02;1.52;0.17;22.2;41.2036;False;False;True;False;True;False;False;False;True;True;False;False;247;9
600;9.28;3.0;3.06;0.51;0.43;71.29;38.447500000000005;False;False;True;False;True;False;False;False;True;True;False;False;601;9
61;14.3;3.0;4.99;0.99;0.37;108.2;59.181;False;False;False;True;True;False;True;False;False;True;False;False;62;9
392;19.23;3.0;3.48;1.9;0.42;117.75;89.472;False;False;True;False;True;False;False;False;True;True;False;False;393;9
633;27.07;1.0;2.23;0.74;0.25;35.88;31.2318;False;True;False;False;True;False;False;False;True;True;False;False;634;9
673;26.7;4.0;4.51;1.62;0.22;13.75;50.789;False;True;False;False;True;False;False;False;True;True;False;False;674;9
712;24.11;2.0;3.2;0.9;0.11;12.4;26.263;False;True;False;False;False;False;False;False;True;True;False;False;713;9
391;21.22;2.0;3.76;1.85;0.3;100.66;73.21499999999999;False;False;True;False;True;False;False;False;True;True;False;False;392;9
714;18.09;4.0;4.32;0.72;0.25;7.7;19.2698;False;False;True;False;True;False;False;False;True;True;False;False;715;9
742;37.63;4.0;3.63;0.68;0.11;85.34;38.6058;False;True;False;False;True;False;False;False;True;True;False;False;743;9
123;6.39;4.0;4.28;1.31;0.38;102.57;51.6275;False;True;False;False;True;False;True;False;False;True;False;False;124;9
387;9.69;2.0;4.75;1.04;0.26;85.28;37.0004;False;False;True;False;True;False;False;False;True;True;False;False;388;9
390;49.53;2.0;4.16;1.19;0.16;36.33;68.9135;False;False;True;False;True;False;False;False;True;True;False;False;391;9
336;42.92;3.0;4.66;1.05;0.34;62.85;71.095;False;False;True;False;True;False;True;False;False;True;False;False;337;9
339;5.79;2.0;3.89;1.95;0.45;10.65;19.973;False;False;True;False;True;False;False;False;True;True;False;False;340;9
332;1.71;4.0;4.45;1.27;0.18;87.85;22.4347;False;False;True;False;True;False;True;False;False;True;False;False;333;9
338;116.66768073006573;2.0;3.81;0.74;0.25;110.82;248.29520891209057;False;False;True;False;True;False;True;False;False;True;False;False;339;9
737;41.01;1.0;3.95;1.8;0.42;16.56;84.7232;False;False;True;False;False;False;False;False;True;True;False;False;738;9
755;39.91;4.0;3.65;1.33;0.44;42.63;75.4875;False;True;False;False;True;False;False;False;True;True;False;False;756;9
435;35.35;1.0;4.2;1.21;0.15;79.01;58.825;False;False;True;False;True;False;False;False;True;True;False;False;436;9
762;13.18;4.0;2.47;1.5;0.4;84.05;55.86;False;False;True;False;True;False;False;False;True;True;False;False;763;9
402;25.76;3.0;2.39;0.56;0.21;94.76;36.7152;False;False;True;False;True;False;True;False;False;True;False;False;403;9
413;29.1;4.0;3.26;0.82;0.12;29.8;30.698;False;False;True;False;True;False;True;False;False;True;False;False;414;9
766;38.36;3.0;4.94;0.79;0.36;39.09;49.3168;False;True;False;False;True;False;False;False;True;True;False;False;767;9
626;23.66;3.0;3.53;0.61;0.15;52.82;25.8856;False;False;True;False;True;False;False;False;True;True;False;False;627;9
690;16.86;1.0;4.09;1.34;0.45;108.96;75.7144;False;False;True;False;True;False;False;False;True;True;False;False;691;9
396;43.06;1.0;4.74;1.71;0.38;42.04;94.3478;True;False;False;False;False;False;False;True;False;True;False;False;397;10
651;27.32;2.0;3.62;0.66;0.43;62.17;48.3843;True;False;False;False;False;False;False;True;False;True;False;False;652;10
316;21.04;2.0;2.36;0.85;0.2;72.41;34.726;True;False;False;False;True;False;False;True;False;False;True;False;317;10
91;35.95;4.0;3.58;0.95;0.44;6.1;40.4165;True;False;False;False;False;True;False;True;False;True;False;False;92;10
208;1.25;3.0;3.97;1.49;0.31;12.8;9.8005;False;False;False;False;True;False;False;True;False;False;True;False;209;10
565;29.91;1.0;4.38;1.4;0.11;58.4;52.678;True;False;False;False;False;False;False;True;False;True;False;False;566;10
972;36.9;4.0;3.94;1.81;0.28;106.66;100.5938;False;False;True;False;False;True;False;True;False;True;False;False;973;10
151;12.74;4.0;4.03;1.8;0.16;52.47;35.357200000000006;False;True;False;False;True;False;False;True;False;False;True;False;152;10
171;1.81;1.0;2.86;1.71;0.32;20.63;12.5567;False;False;False;True;True;False;False;True;False;False;True;False;172;10
121;44.91;1.0;4.73;1.11;0.33;25.7;63.0611;False;False;False;True;True;False;False;True;False;False;True;False;122;10
126;41.08;4.0;3.31;1.71;0.46;36.86;90.5124;False;False;True;False;False;False;False;True;False;False;False;False;127;10
133;17.54;2.0;2.56;1.29;0.49;52.06;50.696;False;False;True;False;True;False;False;True;False;False;True;False;134;10
18;22.17;4.0;2.34;1.97;0.41;57.59;69.6268;False;False;False;True;False;False;False;True;False;True;False;False;19;11
15;9.99;4.0;4.33;0.85;0.43;34.0;27.4415;False;False;False;True;True;False;True;False;False;True;False;False;16;11
315;35.1;2.0;2.17;0.7;0.31;86.57;53.5767;True;False;False;False;True;False;False;False;False;False;True;False;316;11
309;14.27;2.0;3.25;0.97;0.11;19.13;19.1962;False;True;False;False;True;False;False;False;False;False;True;False;310;11
749;31.59;3.0;2.26;1.72;0.42;40.38;73.5544;False;False;True;False;False;False;True;False;False;False;False;False;750;12
221;28.85;1.0;3.27;0.61;0.47;91.67;63.9534;False;False;True;False;False;False;True;False;False;True;False;False;222;12
644;6.87;4.0;4.35;1.9;0.48;89.4;60.315;False;False;True;False;False;False;True;False;False;True;False;False;645;12
36;15.93;2.0;2.44;1.5;0.42;20.67;35.016400000000004;True;False;False;False;True;False;False;True;False;False;False;False;37;12
20;30.98;1.0;4.5;0.84;0.25;57.02;44.7782;True;False;False;False;False;True;False;True;False;False;True;False;21;12
790;8.51;4.0;2.43;1.58;0.49;63.88;47.177;False;False;True;False;False;False;False;False;True;True;False;False;791;13
799;46.2;1.0;2.93;1.46;0.43;16.33;77.40390000000001;False;False;True;False;False;False;False;False;True;True;False;False;800;13
54;30.3;1.0;4.5;1.64;0.35;51.65;72.2695;False;False;False;True;False;True;False;True;False;True;False;False;55;13
981;38.77;1.0;3.45;0.71;0.2;38.49;38.6747;False;True;False;False;True;False;False;False;True;True;False;False;982;14
951;33.59;4.0;4.99;1.16;0.15;77.02;55.5074;False;False;True;False;True;False;False;False;True;True;False;False;952;14
161;31.98;3.0;2.32;1.16;0.35;52.39;57.7533;False;False;True;False;False;False;False;False;True;True;False;False;162;14
847;49.85;3.0;4.94;1.21;0.11;104.35;76.737;False;False;True;False;True;False;False;False;True;True;False;False;848;14
295;26.59;2.0;4.39;0.93;0.1;51.41;34.2597;False;False;True;False;True;False;False;False;True;True;False;False;296;14
974;2.53;2.0;4.14;1.1;0.45;110.59;56.688500000000005;False;False;True;False;True;False;False;False;True;True;False;False;975;14
915;22.37;3.0;3.27;1.32;0.12;13.15;34.376400000000004;False;True;False;False;True;False;False;False;True;True;False;False;916;14
975;13.85;4.0;4.77;1.25;0.38;98.75;59.6075;False;False;False;True;True;False;False;False;True;True;False;False;976;14
239;9.68;2.0;3.37;1.91;0.13;72.94;31.341;False;False;True;False;True;False;False;False;True;False;False;False;240;14
310;22.51;4.0;2.5;1.66;0.19;28.35;45.2531;False;False;True;False;True;False;False;False;False;True;False;False;311;14
319;13.26;4.0;3.49;1.56;0.33;44.36;38.814400000000006;False;False;True;False;True;False;False;False;True;True;False;False;320;14
575;47.53;2.0;2.11;0.77;0.2;90.19;56.7461;False;False;True;False;True;False;False;False;True;False;False;False;576;14
816;29.97;3.0;4.17;0.56;0.45;97.58;64.86420000000001;False;False;True;False;True;False;False;False;True;True;False;False;817;14
606;11.11;1.0;3.48;0.54;0.18;21.64;13.3746;False;False;True;False;True;False;False;False;False;False;False;False;607;14
994;18.69;3.0;4.9;1.79;0.17;79.41;51.8548;False;True;False;False;True;False;False;False;True;True;False;False;995;14
807;46.35;1.0;3.1;0.95;0.24;89.15;68.52850000000001;False;False;True;False;True;False;False;False;True;True;False;False;808;14
711;30.19;2.0;2.37;0.76;0.4;113.33;70.6464;False;False;True;False;True;False;False;False;True;False;False;False;712;14
637;12.88;2.0;4.8;1.44;0.49;42.13;43.9909;False;False;True;False;False;True;False;True;False;True;False;False;638;15
88;44.47;1.0;4.79;0.79;0.31;64.0;59.761300000000006;False;False;False;True;False;True;False;True;False;True;False;False;89;15
815;26.42;3.0;4.8;1.98;0.22;16.49;60.7394;False;False;False;True;False;True;False;True;False;True;False;False;816;15
434;5.12;4.0;3.17;1.92;0.21;75.09;28.7693;False;False;True;False;False;True;False;True;False;True;False;False;435;15
772;7.25;3.0;2.2;1.46;0.13;81.33;23.3579;False;False;False;False;False;True;False;True;False;True;False;False;773;15
800;35.65;4.0;4.35;0.69;0.42;35.49;43.8543;False;False;False;True;False;True;False;True;False;False;True;False;801;15
735;43.98;4.0;4.53;1.21;0.32;47.22;72.8562;False;True;False;False;False;True;False;True;False;True;False;False;736;15
841;33.51;4.0;3.94;1.09;0.32;67.27;61.9923;True;False;False;False;False;True;False;True;False;False;True;False;842;15
927;27.54;1.0;4.3;0.96;0.49;102.08;80.7576;True;False;False;False;False;True;False;True;False;True;False;False;928;15
720;46.98;4.0;4.4;1.92;0.45;15.7;101.6666;False;False;True;False;False;True;False;True;False;True;False;False;721;15
754;7.82;2.0;3.2;0.98;0.27;93.64;36.1464;False;False;False;True;False;True;False;True;False;False;True;False;755;15
965;18.43;2.0;2.17;1.08;0.2;114.78;45.03040000000001;True;False;False;False;False;True;False;True;False;True;False;False;966;15
376;42.4;4.0;4.6;0.79;0.36;15.91;43.823600000000006;True;False;False;False;False;False;False;True;False;False;False;False;377;15
14;9.91;2.0;2.32;1.26;0.34;41.72;28.9914;False;True;False;False;True;False;True;False;False;True;False;False;15;15
654;22.15;2.0;2.56;0.91;0.42;24.45;32.985499999999995;False;False;True;False;False;True;False;True;False;True;False;False;655;15
589;8.44;3.0;2.06;0.63;0.45;75.4;41.30720000000001;False;True;False;False;False;True;False;True;False;True;False;False;590;15
870;19.29;3.0;3.99;1.51;0.16;94.79;48.2843;False;True;False;False;False;True;False;True;False;True;False;False;871;15
835;126.54762829842768;1.0;4.23;0.85;0.28;29.3;224.9146628555729;True;False;False;False;False;True;False;True;False;False;False;False;836;15
826;17.97;3.0;4.85;0.82;0.15;91.83;33.3599;False;False;True;False;False;True;False;True;False;True;False;False;827;15
541;30.7;4.0;2.38;1.09;0.21;41.37;44.5307;False;False;True;False;False;True;False;True;False;True;False;False;542;15
591;32.4;4.0;4.33;1.88;0.28;13.17;68.9296;False;False;False;True;False;True;False;True;False;True;False;False;592;15
515;2.29;1.0;4.26;1.8;0.41;13.54;13.9334;False;False;True;False;False;True;False;True;False;True;False;False;516;15
926;14.17;4.0;4.84;0.65;0.15;37.82;19.7235;True;False;False;False;False;True;False;True;False;False;False;True;927;15
934;9.41;3.0;4.32;0.53;0.48;39.21;28.1281;False;False;False;False;False;True;False;True;False;True;False;False;935;15
881;33.92;4.0;3.59;0.76;0.17;39.58;36.09780000000001;False;True;False;False;False;True;False;True;False;True;False;False;882;15
957;3.3;2.0;3.22;1.11;0.25;105.2;33.183;True;False;False;False;False;True;False;True;False;True;False;False;958;15
511;21.49;4.0;4.45;1.71;0.28;47.2;54.4139;False;True;False;False;False;True;False;True;False;False;True;False;512;15
936;1.9;1.0;3.66;0.82;0.28;88.44;29.9812;False;False;True;False;False;True;False;True;False;True;False;False;937;15
70;38.84;2.0;4.93;1.34;0.25;50.21;69.52810000000001;False;False;True;False;False;True;False;True;False;True;False;False;71;15
888;5.87;4.0;2.84;0.93;0.34;58.15;28.0701;False;True;False;False;False;True;False;True;False;True;False;False;889;15
860;39.0;1.0;2.19;1.56;0.43;64.81;90.8983;False;True;False;False;False;True;False;True;False;True;False;False;861;15
2;36.87;1.0;2.7;1.21;0.15;37.27;52.9032;False;True;False;False;False;True;True;False;False;True;False;False;3;15
758;44.8;1.0;4.51;1.58;0.35;94.11;108.2325;False;False;True;False;False;True;False;True;False;True;False;False;759;15
187;28.2;2.0;4.74;1.03;0.22;15.0;37.086;False;False;True;False;False;True;False;True;False;True;False;False;188;15
782;13.34;4.0;4.29;0.71;0.45;87.97;53.3479;True;False;False;False;False;True;False;True;False;False;False;False;783;15
561;11.44;1.0;3.0;1.28;0.2;103.06;38.2552;False;False;True;False;False;True;False;True;False;False;True;False;562;16
24;23.35;3.0;3.59;0.6;0.24;66.8;33.632000000000005;False;False;False;True;False;False;False;True;False;False;True;False;25;16
398;37.79;1.0;4.86;0.98;0.2;13.64;44.6222;True;False;False;False;False;False;False;False;True;True;False;False;399;16
21;7.84;4.0;3.73;0.82;0.3;53.8;26.2988;False;False;True;False;True;False;False;False;True;False;False;False;22;17
346;32.12;4.0;2.63;1.12;0.43;112.31;86.89770000000001;True;False;False;False;True;False;True;False;False;False;True;False;347;17
602;9.67;4.0;2.96;1.94;0.26;42.3;32.7178;False;False;True;False;False;True;False;False;True;True;False;False;603;17
535;47.29;1.0;2.71;1.75;0.14;87.75;97.75249999999998;False;False;True;False;False;True;True;False;False;True;False;False;536;17
576;8.21;3.0;2.97;1.36;0.34;95.18;46.49680000000001;False;False;True;False;False;True;False;False;True;True;False;False;577;17
359;29.2;3.0;3.76;1.45;0.18;76.53;59.87539999999999;True;False;False;False;True;False;True;False;False;False;True;False;360;17
113;40.6;3.0;2.73;0.55;0.26;17.2;29.532000000000004;True;False;False;False;False;True;False;False;True;True;False;False;114;18
302;145.74705994904548;3.0;2.82;0.83;0.49;60.29;325.0989498083767;False;False;True;False;True;False;True;False;False;False;True;False;303;18
128;1.34;3.0;3.64;1.33;0.46;37.6;22.718200000000003;False;False;False;False;False;True;False;False;True;True;False;False;129;18
385;40.37;1.0;3.46;1.9;0.43;84.32;116.42059999999998;True;False;False;False;True;False;True;False;False;False;True;False;386;18
47;26.48;3.0;2.15;1.25;0.2;47.97;44.844;False;False;True;False;False;True;False;False;True;True;False;False;48;18
331;38.13;4.0;3.42;0.63;0.27;52.23;41.544;False;False;False;False;True;False;True;False;False;False;True;False;332;18
79;6.68;2.0;3.32;1.35;0.38;12.08;16.9284;False;False;False;True;False;True;False;False;True;True;False;False;80;18
71;10.74;3.0;2.2;0.51;0.32;49.59;23.5462;False;False;True;False;False;False;False;False;True;True;False;False;72;18
906;41.05;2.0;2.99;1.5;0.1;31.71;67.736;False;False;False;True;False;False;True;False;False;False;False;True;907;18
318;8.67;2.0;4.79;1.79;0.46;71.36;53.1349;False;False;True;False;True;False;True;False;False;False;True;False;319;18
164;5.42;3.0;3.85;1.84;0.24;68.73;30.318;False;False;True;False;True;False;False;False;True;False;True;False;165;19
184;13.64;4.0;2.43;1.54;0.14;43.75;29.5606;False;False;True;False;True;False;False;False;True;False;True;False;185;19
764;2.64;1.0;4.53;1.71;0.43;98.23;51.2833;False;False;True;False;True;False;False;False;True;False;False;True;765;19
144;14.96;1.0;3.79;0.9;0.17;66.66;28.5862;False;False;True;False;True;False;False;False;True;False;True;False;145;19
148;3.52;4.0;3.88;1.53;0.23;87.64;29.4228;False;True;False;False;True;False;False;False;True;False;True;False;149;19
101;32.18;2.0;2.95;1.39;0.17;87.13;62.4923;False;False;False;True;True;False;False;False;True;False;True;False;102;19
350;25.65;2.0;2.49;0.84;0.22;110.81;48.4142;False;True;False;False;True;False;False;False;True;False;False;True;351;19
740;23.67;1.0;4.76;1.73;0.38;43.49;62.2353;False;True;False;False;True;False;False;False;True;False;False;True;741;19
132;6.87;2.0;2.56;1.5;0.23;9.0;14.935;False;False;True;False;True;False;False;False;True;False;True;False;133;19
844;8.28;4.0;3.25;1.27;0.49;11.7;19.4986;False;False;False;True;True;False;False;False;True;False;False;True;845;19
823;20.51;3.0;3.08;1.55;0.28;54.3;50.07450000000001;False;True;False;False;True;False;False;False;True;False;False;True;824;19
206;5.97;4.0;4.69;1.89;0.32;90.57;44.95569999999999;True;False;False;False;True;False;False;False;True;False;True;False;207;19
172;26.09;4.0;3.92;0.87;0.45;62.23;54.62179999999999;False;False;False;False;True;False;False;False;True;False;True;False;173;19
703;7.59;2.0;3.95;0.67;0.25;59.78;23.9803;True;False;False;False;True;False;True;False;False;False;False;False;704;19
564;18.18;2.0;2.72;0.7;0.49;63.0;46.316;False;True;False;False;True;False;True;False;False;False;True;False;565;19
523;42.26;3.0;2.3;1.69;0.26;40.14;84.1558;False;False;True;False;True;False;True;False;False;False;True;False;524;19
574;43.26;4.0;2.92;1.26;0.43;47.55;77.8741;False;False;True;False;True;False;False;False;True;False;False;True;575;19
554;43.96;3.0;4.54;1.24;0.42;71.19;88.9502;False;False;True;False;True;False;False;False;True;False;False;False;555;19
72;1.27;2.0;4.47;0.62;0.16;37.99;11.3358;False;False;True;False;True;False;True;False;False;True;False;False;73;19
480;31.84;3.0;3.94;0.79;0.18;91.81;45.6194;False;True;False;False;True;False;True;False;False;False;False;True;481;19
958;9.15;2.0;2.12;0.84;0.48;81.26;48.8108;True;False;False;False;True;False;False;False;True;False;False;True;959;19
960;5.06;1.0;2.8;1.22;0.48;83.63;49.11559999999999;False;False;True;False;True;False;False;False;True;False;False;False;961;19
573;31.48;1.0;3.38;0.61;0.37;64.47;46.4367;False;True;False;False;True;False;False;False;True;False;False;False;574;19
273;45.75;3.0;4.16;0.75;0.23;52.31;50.5038;False;False;True;False;True;False;False;False;True;False;True;False;274;19
865;28.42;3.0;3.75;1.06;0.41;63.09;59.74210000000001;False;False;False;True;True;False;False;False;True;False;False;True;866;19
851;37.75;2.0;3.55;0.56;0.12;44.99;30.0888;False;True;False;False;True;False;False;False;True;False;False;True;852;19
475;49.66;4.0;4.86;1.15;0.16;68.75;72.969;True;False;False;False;False;True;True;False;False;True;False;False;476;20
952;9.59;2.0;3.29;0.9;0.38;21.83;20.2164;True;False;False;False;False;True;True;False;False;True;False;False;953;20
481;107.78683195771164;1.0;2.05;1.3;0.18;79.6;322.7259960920446;False;False;True;False;False;True;True;False;False;True;False;False;482;20
482;23.27;2.0;4.88;1.9;0.38;78.31;78.85079999999999;True;False;False;False;False;True;False;True;False;True;False;False;483;20
954;21.52;3.0;4.72;1.81;0.48;103.83;93.5096;False;False;False;True;False;True;True;False;False;False;True;False;955;20
472;3.11;3.0;4.42;0.59;0.16;36.62;12.1141;False;True;False;False;False;True;False;True;False;True;False;False;473;20
938;6.77;2.0;2.38;0.92;0.36;5.1;10.4444;True;False;False;False;False;True;True;False;False;True;False;False;939;20
895;11.04;2.0;2.83;0.59;0.38;5.93;11.596999999999998;False;True;False;False;False;True;True;False;False;True;False;False;896;20
531;49.99;3.0;3.07;0.93;0.36;86.67;80.7619;True;False;False;False;False;True;False;True;False;True;False;False;532;20
529;43.37;3.0;2.3;0.73;0.42;53.94;56.61489999999999;True;False;False;False;False;True;False;True;False;True;False;False;530;20
527;14.4;2.0;2.39;1.98;0.19;18.17;34.3543;True;False;False;False;False;True;False;True;False;True;False;False;528;20
260;31.14;2.0;4.29;0.92;0.35;7.26;35.4798;False;False;False;False;False;True;False;True;False;True;False;False;261;20
325;37.16;2.0;3.08;1.72;0.44;39.71;84.4676;True;False;False;False;False;True;False;True;False;False;False;False;326;20
497;4.81;1.0;4.3;1.87;0.28;117.44;46.1779;True;False;False;False;False;True;False;True;False;True;False;False;498;20
501;27.27;3.0;2.52;0.78;0.37;65.42;47.996;True;False;False;False;False;True;True;False;False;True;False;False;502;20
853;45.0;3.0;3.71;1.32;0.32;28.19;72.13080000000001;False;True;False;False;False;True;True;False;False;True;False;False;854;20
195;18.11;2.0;2.93;1.61;0.37;74.66;59.7113;False;True;False;False;False;False;False;True;False;False;True;False;196;20
210;27.89;1.0;2.51;0.65;0.11;97.69;31.3844;False;False;False;False;False;True;False;True;False;True;False;False;211;20
569;18.06;3.0;2.72;0.77;0.33;20.16;23.279;True;False;False;False;False;True;True;False;False;True;False;False;570;20
324;47.79;4.0;2.52;0.82;0.28;106.03;71.3962;False;False;False;False;False;True;False;True;False;True;False;False;325;20
216;16.94;4.0;2.56;0.63;0.19;65.42;25.662;False;False;True;False;False;True;False;True;False;True;False;False;217;20
581;49.02;4.0;4.9;1.65;0.16;59.03;95.2278;True;False;False;False;False;True;False;True;False;True;False;False;582;20
431;38.31;1.0;2.99;0.64;0.41;31.15;40.2799;True;False;False;False;False;True;False;True;False;True;False;False;432;20
230;39.95;3.0;4.46;1.19;0.31;25.25;59.828;False;True;False;False;False;True;False;True;False;True;False;False;231;20
552;28.04;4.0;3.61;1.89;0.48;9.69;61.2568;False;True;False;False;False;True;True;False;False;True;False;False;553;20
429;6.74;4.0;4.68;1.46;0.17;117.71;34.5311;False;True;False;False;False;True;False;True;False;False;True;False;430;20
220;33.22;1.0;2.31;1.66;0.32;41.02;70.5816;False;False;False;True;False;True;False;True;False;True;False;False;221;20
425;27.93;4.0;4.15;0.56;0.2;73.35;34.4608;False;False;False;True;False;True;False;True;False;True;False;False;426;20
369;4.4;2.0;3.77;1.94;0.1;45.28;16.834;False;False;True;False;False;True;False;True;False;False;True;False;370;20
825;46.07;3.0;2.58;0.79;0.43;113.36;87.7201;True;False;False;False;False;True;True;False;False;True;False;False;826;20
314;41.96;4.0;2.21;1.22;0.19;80.28;68.65440000000001;True;False;False;False;False;True;False;True;False;False;True;False;315;20
371;1.89;1.0;2.71;0.62;0.11;20.41;6.1269;False;False;True;False;False;True;False;True;False;True;False;False;372;20
254;9.31;2.0;4.73;0.5;0.2;115.15;32.415000000000006;True;False;False;False;False;True;False;True;False;False;True;False;255;20
243;19.14;2.0;4.97;1.79;0.22;11.2;41.6946;False;True;False;False;False;True;False;True;False;False;False;True;244;20
60;20.05;2.0;3.02;0.86;0.39;24.61;29.8609;False;True;False;False;False;False;False;True;False;False;False;False;61;20
921;24.88;2.0;3.4;1.54;0.2;68.14;55.3432;False;False;True;False;False;True;True;False;False;True;False;False;922;20
175;9.54;1.0;2.1;1.79;0.33;42.43;33.1785;True;False;False;False;False;True;False;False;False;False;True;False;176;20
415;22.97;2.0;2.25;0.76;0.2;60.53;31.8132;False;False;False;True;False;True;False;True;False;False;True;False;416;20
613;5.01;4.0;3.63;0.79;0.37;58.02;29.055300000000003;True;False;False;False;False;True;False;True;False;False;True;False;614;20
104;45.47;4.0;2.12;1.28;0.23;56.93;73.4155;False;False;False;True;False;True;False;True;False;False;True;False;105;20
801;8.47;2.0;3.33;1.15;0.2;61.93;25.4565;False;True;False;False;False;True;True;False;False;True;False;False;802;20
300;3.53;1.0;2.9;0.59;0.12;92.82;16.1211;False;False;True;False;False;True;False;True;False;True;False;False;301;20
442;19.34;2.0;2.06;1.51;0.46;104.31;79.24600000000001;True;False;False;False;False;True;False;True;False;False;False;False;443;20
623;24.74;3.0;5.0;1.82;0.36;107.93;88.8816;False;False;False;True;False;True;True;False;False;True;False;False;624;20
786;29.59;4.0;4.6;1.32;0.28;75.26;64.73160000000001;True;False;False;False;False;True;True;False;False;False;False;True;787;20
119;27.43;4.0;2.58;1.59;0.28;23.53;52.7821;False;False;True;False;False;True;False;True;False;False;True;False;120;20
843;48.09;1.0;4.47;1.23;0.29;92.6;90.4747;True;False;False;False;False;True;True;False;False;True;False;False;844;20
842;9.72;2.0;3.95;1.54;0.17;101.99;36.2571;True;False;False;False;False;True;True;False;False;True;False;False;843;20
153;24.98;3.0;3.06;0.77;0.42;72.14;52.5934;True;False;False;False;False;True;False;True;False;False;True;False;154;20
145;2.81;3.0;2.82;1.12;0.38;56.65;27.4942;False;True;False;False;False;True;False;True;False;False;True;False;146;20
674;21.11;3.0;3.54;0.65;0.36;36.5;30.4015;False;True;False;False;False;True;True;False;False;True;False;False;675;20
704;4.11;4.0;2.27;1.9;0.37;112.28;51.6226;True;False;False;False;False;True;False;True;False;False;False;True;705;20
701;3.54;2.0;3.21;0.7;0.26;55.94;20.2324;True;False;False;False;False;True;False;True;False;False;False;True;702;20
379;14.81;1.0;3.46;0.9;0.12;29.64;20.3458;True;False;False;False;False;True;False;True;False;False;True;False;380;20
377;2.14;4.0;4.01;0.79;0.25;43.3;16.525599999999997;True;False;False;False;False;True;True;False;False;True;False;False;378;20
354;4.46;3.0;3.22;0.53;0.3;60.41;23.7068;True;False;False;False;False;True;False;False;True;True;False;False;355;20
968;28.75;2.0;4.8;1.42;0.22;63.9;59.68299999999999;True;False;False;False;False;True;True;False;False;False;True;False;969;20
964;15.15;2.0;4.43;1.06;0.5;98.52;69.749;True;False;False;False;False;True;False;False;False;True;False;False;965;20
722;4.26;4.0;2.57;0.7;0.14;66.19;14.8186;True;False;False;False;False;True;False;False;False;True;False;False;723;20
139;48.62;1.0;2.15;1.17;0.11;74.49;67.2293;True;False;False;False;False;True;False;True;False;False;True;False;140;20
124;12.17;4.0;2.15;1.73;0.31;7.35;25.4826;True;False;False;False;False;True;False;True;False;False;True;False;125;20
351;42.97;4.0;4.88;1.9;0.38;59.08;108.9734;True;False;False;False;False;True;False;True;False;True;False;False;352;20
949;30.27;4.0;3.66;0.67;0.41;41.65;41.0174;True;False;False;False;False;True;False;False;True;True;False;False;950;21
381;35.14;2.0;3.88;0.81;0.28;55.94;48.006600000000006;True;False;False;False;False;True;False;False;True;True;False;False;382;21
382;31.82;4.0;3.08;0.98;0.32;8.93;37.1212;False;False;False;False;False;True;True;False;False;False;True;False;383;21
757;27.14;2.0;3.99;0.57;0.49;24.44;31.4354;True;False;False;False;False;True;False;False;True;True;False;False;758;21
721;9.88;1.0;4.12;0.87;0.18;72.77;25.8142;False;False;True;False;False;True;False;False;True;True;False;False;722;21
388;37.78;2.0;4.4;0.72;0.23;40.76;40.9764;False;False;False;True;False;True;False;False;True;True;False;False;389;21
705;49.51;2.0;4.84;0.78;0.2;13.75;46.207800000000006;False;False;True;False;False;True;False;False;True;True;False;False;706;21
748;45.42;3.0;4.16;0.74;0.47;27.93;50.89789999999999;False;True;False;False;False;True;False;False;True;True;False;False;749;21
730;9.05;2.0;3.74;0.51;0.18;59.73;19.1069;True;False;False;False;False;True;False;False;True;True;False;False;731;21
699;24.58;1.0;2.22;1.92;0.13;70.61;58.59289999999999;True;False;False;False;False;True;False;False;True;True;False;False;700;21
656;14.91;1.0;4.23;1.28;0.38;112.25;65.9698;True;False;False;False;False;True;False;False;True;True;False;False;657;21
657;18.79;3.0;4.17;1.19;0.25;74.57;45.1726;True;False;False;False;False;True;True;False;False;False;True;False;658;21
304;36.58;4.0;3.13;1.15;0.15;83.96;57.791;False;True;False;False;False;True;False;False;False;False;True;False;305;21
798;35.14;2.0;4.17;1.05;0.11;113.49;53.550900000000006;False;False;True;False;False;True;False;False;True;True;False;False;799;21
765;28.92;1.0;3.5;0.62;0.11;10.15;22.5469;True;False;False;False;False;True;False;False;True;True;False;False;766;21
694;6.63;4.0;4.08;1.72;0.25;101.28;40.8036;True;False;False;False;False;True;False;False;True;True;False;False;695;21
784;9.9;3.0;2.62;0.81;0.34;102.33;45.4312;True;False;False;False;False;True;False;False;True;True;False;False;785;21
781;27.59;1.0;3.69;0.58;0.49;113.43;75.27289999999999;False;False;False;True;False;True;False;False;True;True;False;False;782;21
625;19.08;4.0;4.36;1.22;0.1;115.6;39.1976;True;False;False;False;False;True;False;False;True;True;False;False;626;21
186;41.04;1.0;3.5;1.06;0.4;41.3;63.522400000000005;True;False;False;False;False;True;True;False;False;True;False;False;187;21
394;17.7;1.0;3.39;1.24;0.3;6.12;27.174;True;False;False;False;False;True;False;False;True;True;False;False;395;21
542;12.2;1.0;3.28;1.47;0.12;117.25;35.284;True;False;False;False;False;True;False;False;True;True;False;False;543;21
560;35.5;2.0;3.21;1.91;0.35;111.09;109.89649999999996;True;False;False;False;False;True;False;True;False;False;True;False;561;21
916;15.43;3.0;3.16;0.96;0.41;73.79;48.2267;False;True;False;False;False;True;False;False;True;True;False;False;917;21
427;44.5;4.0;4.02;1.47;0.45;23.88;80.18099999999998;False;False;False;True;False;True;False;False;True;True;False;False;428;21
885;9.75;1.0;3.89;0.99;0.3;105.81;45.2855;True;False;False;False;False;True;False;False;True;True;False;False;886;21
500;35.21;4.0;3.94;0.56;0.39;110.06;66.581;True;False;False;False;False;True;False;False;True;True;False;False;501;21
913;21.06;3.0;3.19;1.74;0.28;17.7;44.7904;True;False;False;False;False;True;False;False;True;True;False;False;914;21
956;26.43;4.0;3.85;1.41;0.36;48.72;58.65549999999999;True;False;False;False;False;True;False;False;True;True;False;False;957;21
806;46.78;3.0;3.13;1.75;0.17;34.03;90.7801;True;False;False;False;False;True;False;False;True;True;False;False;807;21
487;14.77;4.0;4.8;1.21;0.28;113.4;54.42370000000001;True;False;False;False;False;True;False;False;True;True;False;False;488;21
451;28.36;3.0;2.48;1.21;0.13;99.77;49.7657;False;False;False;False;False;True;True;False;False;True;False;False;452;21
479;26.63;1.0;3.73;0.56;0.38;43.27;35.08540000000001;True;False;False;False;False;True;False;False;True;True;False;False;480;21
982;6.22;4.0;3.87;1.16;0.47;75.63;46.6313;True;False;False;False;False;True;False;False;True;True;False;False;983;21
995;5.49;4.0;2.39;0.62;0.49;58.39;34.4049;True;False;False;False;False;True;False;False;True;True;False;False;996;21
471;48.52;2.0;2.6;1.4;0.35;73.59;96.2845;False;True;False;False;False;True;False;False;True;False;False;False;472;22
922;44.83;3.0;2.17;1.09;0.19;72.04;64.7223;True;False;False;False;False;True;False;False;True;False;False;True;923;22
240;47.08;1.0;4.67;0.76;0.34;73.93;65.587;False;True;False;False;False;True;True;False;False;False;True;False;241;22
422;5.47;1.0;2.52;0.82;0.17;75.75;19.8829;False;False;True;False;False;True;False;False;True;True;False;False;423;22
65;27.59;1.0;2.07;1.03;0.46;67.33;61.459500000000006;False;True;False;False;False;True;False;False;True;False;True;False;66;22
498;48.75;2.0;3.46;1.02;0.46;17.41;61.1936;True;False;False;False;False;True;False;False;True;False;True;False;499;22
524;42.08;1.0;2.27;1.41;0.19;64.53;73.86349999999999;True;False;False;False;False;True;False;False;True;False;True;False;525;22
73;40.96;1.0;3.94;1.82;0.4;35.89;92.8432;False;False;True;False;False;True;True;False;False;False;False;False;74;22
608;25.67;3.0;2.59;1.82;0.4;30.6;61.54940000000001;False;False;True;False;False;True;True;False;False;False;False;False;609;22
539;7.33;2.0;4.6;1.5;0.49;29.35;29.9765;True;False;False;False;False;True;False;False;True;False;True;False;540;22
568;45.3;3.0;2.32;0.73;0.28;8.51;37.7718;True;False;False;False;False;True;False;False;True;False;True;False;569;22
506;45.64;4.0;3.56;1.3;0.4;39.63;78.744;True;False;False;False;False;True;False;False;False;False;True;False;507;22
432;31.29;1.0;2.74;1.14;0.34;24.7;46.8086;True;False;False;False;False;True;False;False;True;False;False;True;433;22
209;8.88;4.0;4.72;1.85;0.44;88.21;59.96039999999999;False;False;False;True;False;True;True;False;False;True;False;False;210;22
639;19.49;4.0;4.41;0.69;0.22;76.0;34.5781;False;False;False;True;False;True;False;False;True;False;True;False;640;22
634;6.25;4.0;2.05;1.23;0.37;94.31;44.6322;False;False;False;True;False;True;False;False;True;False;False;True;635;22
204;30.72;3.0;4.75;1.19;0.12;35.2;45.5308;True;False;False;False;False;True;False;False;False;True;False;False;205;22
820;40.34;1.0;3.85;0.87;0.15;29.11;43.31230000000001;False;False;True;False;False;True;False;False;True;True;False;False;821;22
200;32.46;3.0;2.88;1.36;0.5;111.71;102.8806;False;True;False;False;False;True;False;False;False;True;False;False;201;22
317;9.49;3.0;3.74;1.9;0.48;46.08;43.8894;False;True;False;False;False;False;True;False;False;False;True;False;318;22
159;36.68;3.0;3.89;0.94;0.36;106.25;76.6192;False;False;False;False;False;True;True;False;False;False;True;False;160;22
681;13.64;2.0;2.63;1.11;0.16;51.91;26.076;False;False;False;True;False;True;False;False;True;False;True;False;682;22
717;48.29;3.0;3.1;1.57;0.23;109.74;104.1555;True;False;False;False;False;True;False;False;True;False;True;False;718;22
22;105.94355003672597;2.0;3.94;1.69;0.32;23.03;201.869509186128;False;False;False;True;False;True;False;True;False;False;True;False;23;22
251;19.87;1.0;4.4;1.34;0.38;27.6;41.5138;True;False;False;False;False;True;True;False;False;False;False;False;252;22
874;2.24;3.0;2.63;0.68;0.33;13.69;8.6709;False;True;False;False;False;True;False;False;True;True;False;False;875;22
862;26.7;1.0;2.72;1.31;0.19;53.21;47.8069;False;False;True;False;False;True;False;False;True;True;False;False;863;22
140;48.16;1.0;3.72;1.63;0.28;100.12;110.2544;False;False;False;False;False;True;False;False;False;False;True;False;141;22
672;4.93;1.0;2.16;1.07;0.29;8.67;9.9494;False;True;False;False;False;True;False;False;True;True;False;False;673;22
988;13.07;2.0;3.27;1.4;0.19;16.47;24.6973;False;False;False;False;False;True;False;False;True;True;False;False;989;22
979;30.25;2.0;2.38;1.17;0.48;17.18;46.0189;False;True;False;False;False;True;False;False;True;True;False;False;980;22
473;44.67;2.0;4.55;1.12;0.46;14.16;61.09400000000001;True;False;False;False;False;True;False;False;True;False;True;False;474;22
944;11.11;3.0;3.79;1.01;0.17;59.73;25.1652;False;True;False;False;False;True;False;False;True;True;False;False;945;22
950;30.43;2.0;4.52;1.3;0.37;56.58;65.0136;False;False;True;False;False;True;False;False;True;True;False;False;951;22
983;4.68;4.0;2.03;1.24;0.47;97.5;53.6582;True;False;False;False;False;True;False;False;True;False;True;False;984;22
45;33.46;2.0;2.23;0.63;0.12;64.07;30.9982;True;False;False;False;False;True;False;True;False;False;True;False;46;22
571;39.4;2.0;2.92;1.15;0.27;91.44;72.9188;False;False;False;False;False;True;False;False;True;False;True;False;572;23
610;2.93;2.0;4.93;1.58;0.3;113.48;43.60339999999999;False;True;False;False;False;True;False;False;True;False;False;True;611;23
80;43.29;1.0;2.12;1.82;0.37;36.05;94.2463;False;True;False;False;True;False;False;False;True;False;True;False;81;23
211;34.9;3.0;4.9;0.85;0.25;38.29;44.1375;True;False;False;False;False;True;False;False;True;True;False;False;212;23
69;49.36;4.0;4.92;1.13;0.12;36.56;65.084;False;False;True;False;False;False;True;False;False;False;True;False;70;23
959;37.16;1.0;3.04;0.89;0.23;44.3;46.3014;False;True;False;False;False;True;False;False;True;False;False;True;960;23
53;44.85;1.0;3.83;0.51;0.29;52.52;41.9343;False;True;False;False;False;True;False;False;True;False;True;False;54;23
787;20.64;3.0;3.3;0.93;0.11;99.33;33.4215;True;False;False;False;False;False;False;False;True;False;False;False;788;23
102;16.4;1.0;2.38;1.05;0.33;104.04;53.9332;False;True;False;False;True;False;False;False;False;False;True;False;103;23
311;4.84;3.0;4.96;0.58;0.12;51.22;13.9136;False;True;False;False;False;False;False;False;True;False;True;False;312;23
809;6.55;3.0;4.43;0.55;0.3;45.41;21.6555;False;False;True;False;False;True;False;False;True;False;True;False;810;23
989;41.14;3.0;4.14;1.71;0.17;46.78;82.44200000000001;False;True;False;False;False;True;False;False;True;False;True;False;990;23
49;10.06;2.0;2.41;1.16;0.38;16.0;20.1596;False;False;True;False;True;False;False;False;True;False;True;False;50;23
978;25.32;4.0;3.58;1.81;0.36;37.19;62.7976;False;True;False;False;False;True;False;False;True;False;True;False;979;23
912;31.58;1.0;4.57;0.88;0.24;91.7;54.3684;False;False;False;True;False;True;False;False;True;False;True;False;913;23
236;14.76;3.0;3.89;1.92;0.47;49.98;55.71979999999999;False;True;False;False;False;True;False;False;True;True;False;False;237;23
538;23.08;4.0;2.38;1.31;0.24;89.61;54.1212;False;False;True;False;False;True;False;False;True;False;True;False;539;23
803;30.73;3.0;4.33;1.83;0.19;63.09;72.553;False;False;True;False;False;True;False;False;True;False;True;False;804;23
165;41.93;4.0;4.34;1.64;0.21;69.27;87.6519;False;True;False;False;False;True;False;False;True;False;True;False;166;23
117;10.14;3.0;2.73;1.06;0.4;16.24;19.974400000000003;False;True;False;False;True;False;True;False;False;False;True;False;118;23
744;12.38;2.0;4.27;0.93;0.23;61.64;29.9606;True;False;False;False;True;False;False;False;True;False;True;False;745;24
743;25.63;3.0;4.22;1.3;0.26;85.95;59.886;False;False;True;False;True;False;False;False;True;False;True;False;744;24
652;29.76;3.0;2.15;1.94;0.14;20.5;62.7544;False;False;True;False;True;False;False;False;True;False;True;False;653;24
759;39.64;4.0;2.65;1.17;0.42;19.92;57.3952;True;False;False;False;True;False;False;False;True;False;True;False;760;24
669;14.97;2.0;2.43;0.86;0.18;37.85;22.1172;False;True;False;False;True;False;False;False;False;False;True;False;670;24
611;40.17;2.0;3.13;1.88;0.22;65.69;93.1014;True;False;False;False;True;False;False;False;True;False;True;False;612;24
436;4.57;2.0;4.05;0.98;0.3;15.12;13.0646;False;False;False;False;True;False;False;False;True;False;True;False;437;24
399;37.97;2.0;3.6;1.13;0.45;113.49;97.57659999999998;False;True;False;False;True;False;True;False;False;False;True;False;400;24
406;20.07;2.0;3.34;0.85;0.15;78.37;32.155;False;True;False;False;True;False;False;False;True;False;False;True;407;24
185;33.34;1.0;4.28;0.52;0.41;72.33;51.2721;False;False;False;True;False;True;False;False;True;True;False;False;186;24
785;45.51;4.0;3.71;1.26;0.44;89.21;100.305;False;True;False;False;True;False;False;False;True;False;True;False;786;24
106;21.11;4.0;4.61;0.69;0.18;84.06;34.3067;True;False;False;False;False;True;True;False;False;False;True;False;107;24
688;38.71;2.0;2.41;1.25;0.31;114.7;86.3545;True;False;False;False;True;False;False;False;True;False;True;False;689;24
120;40.56;3.0;2.31;0.67;0.44;119.54;82.0828;False;True;False;False;False;True;False;False;True;False;True;False;121;24
380;6.79;3.0;2.61;1.65;0.12;72.29;22.4883;False;False;True;False;False;True;False;False;True;True;False;False;381;24
83;4.11;2.0;4.1;0.63;0.15;30.48;11.2613;False;True;False;False;False;True;True;False;False;False;True;False;84;24
609;34.83;3.0;4.83;1.12;0.41;87.5;79.71459999999999;True;False;False;False;True;False;False;False;True;False;False;True;610;24
90;6.86;2.0;2.93;1.18;0.18;102.45;29.4658;False;False;False;True;False;True;True;False;False;True;False;False;91;24
592;9.91;1.0;3.02;1.53;0.33;61.11;38.348600000000005;False;False;True;False;True;False;False;False;True;False;True;False;593;24
645;44.64;1.0;2.5;1.58;0.11;52.27;78.7809;False;True;False;False;True;False;False;False;True;False;True;False;646;24
582;25.14;2.0;3.13;1.15;0.19;43.04;40.2186;True;False;False;False;True;False;False;False;True;False;True;False;583;24
232;29.27;4.0;3.97;1.9;0.1;33.99;62.982;False;False;True;False;False;True;False;False;True;False;True;False;233;24
233;25.13;4.0;3.61;1.02;0.42;57.23;53.2792;False;False;True;False;False;True;False;False;True;False;True;False;234;24
358;47.07;4.0;2.06;1.86;0.15;71.04;100.2662;False;False;True;False;True;False;False;False;True;False;True;False;359;24
727;39.97;3.0;4.96;0.67;0.15;107.38;47.846900000000005;False;False;False;True;True;False;False;False;True;False;True;False;728;24
929;13.64;4.0;3.77;1.5;0.15;100.3;39.275;False;False;True;False;True;False;False;False;True;False;True;False;930;24
340;25.09;2.0;3.25;1.87;0.33;70.95;73.5818;False;False;True;False;False;True;False;False;True;False;False;True;341;24
348;19.36;1.0;2.96;1.4;0.15;55.49;38.3875;False;False;False;True;True;False;False;False;True;False;True;False;349;24
352;33.28;1.0;4.55;1.86;0.42;8.33;69.9494;False;False;False;False;True;False;False;False;True;False;True;False;353;24
135;16.84;2.0;2.17;1.01;0.12;98.03;30.942000000000004;False;False;True;False;False;True;False;False;True;False;False;True;136;24
152;8.1;1.0;2.62;0.98;0.13;31.19;14.6127;True;False;False;False;False;True;True;False;False;True;False;False;153;24
685;28.28;2.0;4.41;1.88;0.16;87.9;71.6404;False;True;False;False;True;False;False;False;True;False;True;False;686;24
361;32.52;4.0;3.55;1.86;0.18;98.97;81.85180000000001;False;False;True;False;True;False;False;False;True;False;True;False;362;24
675;49.14;3.0;3.58;1.21;0.22;27.99;69.1972;True;False;False;False;True;False;True;False;False;False;True;False;676;24
693;12.88;4.0;4.81;0.76;0.18;98.13;32.2622;False;False;True;False;True;False;False;False;True;False;True;False;694;24
692;25.87;2.0;4.35;1.26;0.23;112.39;62.7959;True;False;False;False;True;False;False;False;False;False;True;False;693;24
691;21.85;3.0;3.93;1.23;0.26;6.8;32.5735;True;False;False;False;True;False;True;False;False;False;True;False;692;24
463;29.59;3.0;4.32;1.46;0.29;6.34;49.36;True;False;False;False;True;False;False;False;True;False;True;False;464;24
455;25.14;3.0;3.87;1.04;0.31;42.11;43.069700000000005;False;False;False;True;True;False;True;False;False;False;True;False;456;24
468;11.96;2.0;4.81;1.49;0.27;70.7;41.71940000000001;False;True;False;False;True;False;False;False;True;False;False;True;469;24
253;16.53;4.0;4.34;0.63;0.27;24.96;21.4931;False;False;True;False;False;True;False;False;True;True;False;False;254;24
286;23.81;1.0;2.81;1.91;0.24;62.02;63.1719;False;False;True;False;False;True;False;False;True;False;True;False;287;24
495;18.31;1.0;4.05;1.37;0.21;64.22;42.6209;True;False;False;False;True;False;False;False;True;False;True;False;496;24
489;44.62;2.0;4.47;0.55;0.44;72.58;60.9462;False;False;False;False;True;False;True;False;False;False;True;False;490;24
875;8.65;3.0;2.12;0.62;0.26;33.37;16.1592;True;False;False;False;True;False;False;False;True;False;True;False;876;24
850;4.29;3.0;2.02;0.99;0.43;17.92;13.9727;False;False;True;False;False;False;False;False;True;False;True;False;851;24
74;35.64;1.0;3.94;0.62;0.1;104.02;36.4388;False;False;False;True;False;True;True;False;False;False;True;False;75;24
267;116.196063616616;4.0;2.2;0.85;0.25;19.63;206.69956969976877;True;False;False;False;False;True;False;False;True;True;False;False;268;24
840;1.64;2.0;2.74;1.92;0.43;82.51;41.3681;False;False;False;False;True;False;False;False;True;False;True;False;841;24
551;42.76;2.0;4.85;1.29;0.17;67.92;71.5568;True;False;False;False;True;False;False;False;True;False;True;False;552;24
537;13.12;3.0;4.62;1.17;0.44;102.3;64.9824;True;False;False;False;True;False;False;False;True;False;False;True;538;24
483;31.75;1.0;2.13;1.75;0.19;68.64;70.7341;False;False;True;False;True;False;False;False;False;False;True;False;484;24
447;37.92;2.0;2.02;0.84;0.39;112.04;77.56840000000001;False;True;False;False;True;False;False;False;True;False;True;False;448;24
